url,seendate,title,domain
https://www.insidermonkey.com/blog/is-tesla-inc-tsla-the-best-new-pick-in-brad-gerstners-portfolio-1400373/,20241201T090000Z,"Is Tesla , Inc . ( TSLA ) the Best New Pick in Brad Gerstner Portfolio ? ",insidermonkey.com
https://www.wkrb13.com/2024/12/03/hite-hedge-asset-management-llc-invests-2-21-million-in-tesla-inc-nasdaqtsla.html,20241203T131500Z,"HITE Hedge Asset Management LLC Invests $2 . 21 Million in Tesla , Inc . ( NASDAQ : TSLA ) ",wkrb13.com
https://www.investors.com:443/news/tesla-stock-new-driving-brain-hopes-trump-clears-self-driving-path/,20241202T183000Z,Tesla Stock :  New Brain  Rolled Out Amid 37 % Tear On These Hopes,investors.com
https://www.modernreaders.com/news/2024/12/01/mark-sheptoff-financial-planning-llc-reduces-stake-in-tesla-inc-nasdaqtsla.html,20241201T153000Z,"Mark Sheptoff Financial Planning LLC Reduces Stake in Tesla , Inc . ( NASDAQ : TSLA ) ",modernreaders.com
https://www.insidermonkey.com/blog/tesla-inc-tsla-advancing-full-self-driving-technology-with-ai-driven-fsd-v13-enhancements-1400758/,20241201T144500Z,"Tesla , Inc .   ( TSLA ): Advancing Full Self - Driving Technology with AI - Driven FSD v13 Enhancements",insidermonkey.com
https://www.benzinga.com/analyst-ratings/analyst-color/24/12/42319796/tesla-analyst-lowers-q4-delivery-estimate-says-2-dynamics-will-determine-ev-stocks-valuation,20241204T170000Z,"Tesla Analyst Lowers Q4 Delivery Estimate , Says 2 Dynamics Will Determine EV Stock Valuation - Tesla ( NASDAQ : TSLA ) ",benzinga.com
https://www.wkrb13.com/2024/12/03/hite-hedge-asset-management-llc-purchases-shares-of-8447-tesla-inc-nasdaqtsla.html,20241203T131500Z,"HITE Hedge Asset Management LLC Purchases Shares of 8 , 447 Tesla , Inc . ( NASDAQ : TSLA ) ",wkrb13.com
https://www.investors.com/news/tesla-stock-new-driving-brain-hopes-trump-clears-self-driving-path/,20241202T140000Z,Tesla Stock :  New Brain  Rolled Out Amid 37 % Tear On These Hopes,investors.com
https://www.wkrb13.com/2024/12/01/tradition-wealth-management-llc-boosts-holdings-in-tesla-inc-nasdaqtsla.html,20241201T124500Z,"Tradition Wealth Management LLC Boosts Holdings in Tesla , Inc . ( NASDAQ : TSLA ) ",wkrb13.com
https://www.fool.com/investing/2024/12/01/where-will-tesla-be-in-10-years/?source=iedfolrf0000001,20241201T124500Z,Where Will Tesla Be in 10 Years ? | The Motley Fool,fool.com
https://www.investors.com/news/tesla-stock-china-registrations-strong-quarter/,20241203T144500Z,Tesla Stock : China Registrations Jump But This Weighs On The Stock,investors.com
https://247wallst.com/investing/2024/12/02/teslas-big-ai-driver-could-boost-the-stock-sooner-than-expected/,20241202T183000Z,Tesla Big AI Driver Could Boost the Stock Sooner Than Expected,247wallst.com
https://www.investors.com:443/news/tesla-stock-buy-or-sell-donald-trump-effect-elon-musk/,20241202T183000Z,Is Tesla Stock A Buy As Investors Bet On The Donald Trump Effect ? ,investors.com
https://www.morningstar.com/news/marketwatch/2024120296/teslas-stock-surges-after-self-driving-software-update-new-street-high-target,20241202T200000Z,"Tesla stock surges after self - driving software update , new Street - high target",morningstar.com
https://www.proactiveinvestors.co.uk/companies/news/1061991/tesla-cedes-more-ground-to-byd-in-chinese-market-1061991.html,20241203T131500Z,Tesla cedes more ground to BYD in Chinese market,proactiveinvestors.co.uk
https://www.proactiveinvestors.co.uk/companies/news/1061957/tesla-boss-musk-s-56bn-compensation-denied-again-by-delaware-judge-1061957.html,20241203T131500Z,Tesla boss Musk $56bn compensation denied again by Delaware judge,proactiveinvestors.co.uk
https://www.fool.com/investing/2024/12/02/better-stock-trump-administration-palantir-tesla/?source=iedfolrf0000001,20241202T111500Z,Better Stock Under the Trump Administration : Palantir or Tesla ? ,fool.com
https://www.investors.com/news/tesla-elon-musk-target-delivery-growth-but-are-behind-the-pace/,20241204T141500Z,Tesla Is Targeting Vehicle Delivery Growth But Is Off The Pace,investors.com
https://www.benzinga.com/trading-ideas/long-ideas/24/12/42299723/tesla-vs-byd-the-ev-duel-heats-up,20241203T200000Z,"Tesla Vs . BYD : The EV Duel Heats Up - Tesla ( NASDAQ : TSLA ), BYD ( OTC : BYDDF ), BYD ( OTC : BYDDY ) ",benzinga.com
https://biztoc.com/x/3128a428e0a0f24a,20241204T031500Z,Stock Forecast : Here How Tesla ( TSLA ) Stock Gets to $700 Per Share,biztoc.com
http://stock.caijing.com.cn/20241204/5055367.shtml,20241204T043000Z,特斯拉大股东廖凯原 ： 不再全投特斯拉 ， 1929股灾即将重演 _ 美股 _ 资本市场 _ 财经网,stock.caijing.com.cn
https://www.investing.com/news/stock-market-news/tesla-shares-fall-as-court-rejects-musks-56-bln-pay-package-3750192,20241203T034500Z,Tesla shares fall as court rejects Musk $56 bln pay package By Investing . com,investing.com
http://baystreet.ca/articles/stockstowatch/106003/These-Stocks-Are-Rebounding-Tesla-Nvidia-and-Apple,20241203T041500Z,"Baystreet . ca - These Stocks Are Rebounding : Tesla , Nvidia , and Apple",baystreet.ca
https://www.ntdtv.com/b5/2024/12/03/a103934869.html,20241204T004500Z,12月3日財經快報 AT _ xFF1A _ 到2027年自由現金流或超180億美元 | AT & T | 特斯拉 | 蘋果公司,ntdtv.com
https://www.aboluowang.com/2024/1204/2140035.html,20241204T154500Z,崩盘倒数 ？ 特斯拉第3大股东砍持股 惊曝1929股灾将重演,aboluowang.com
https://www.wkrb13.com/2024/12/03/t-rex-2x-long-tesla-daily-target-etf-nasdaqtslt-shares-gap-down-should-you-sell.html,20241203T181500Z,T - Rex 2X Long Tesla Daily Target ETF ( NASDAQ : TSLT ) Shares Gap Down – Should You Sell ? ,wkrb13.com
https://wallstreetpit.com/120845-the-2t-question-whats-next-for-tesla-stock/,20241201T170000Z,The $2T Question : What Next for Tesla Stock ? ,wallstreetpit.com
https://www.fool.com/investing/2024/12/03/why-tesla-stock-jumped-38-in-november/?source=iedfolrf0000001,20241204T023000Z,Why Tesla Stock Jumped 38 % in November | The Motley Fool,fool.com
https://www.163.com/dy/article/JIHBLSCN05198NMR.html,20241204T000000Z,特斯拉大股东廖凯原 ： 不再全投特斯拉 ， 1929股灾即将重演,163.com
https://www.aktiencheck.de/exklusiv/Artikel-Tesla_Verkaeufe_von_China_produzierten_Fahrzeugen_fallen_November_um_4_3_Aktiennews-17902076,20241203T123000Z,"Tesla : Verkäufe von in China produzierten Fahrzeugen fallen im November um 4 , 3 % - Aktiennews ( aktiencheck . de ) ",aktiencheck.de
https://qz.com/nasdaq-hits-a-new-high-tesla-intel-super-micro-computer-1851711305,20241202T211500Z,"The Nasdaq hits a new record as Tesla , Intel push tech stocks higher",qz.com
https://www.storm.mg/article/5284874,20241202T071500Z,特斯拉11月飆漲近四成 ， 分析師喊目標價400美元 - 風傳媒,storm.mg
https://www.fool.com/investing/2024/12/04/is-sirius-xm-finally-a-tesla-stock-play/,20241204T200000Z,Is Sirius XM Finally a Tesla Stock Play ? ,fool.com
https://www.fool.com/investing/2024/12/04/is-sirius-xm-finally-a-tesla-stock-play/?source=iedfolrf0000001,20241204T174500Z,Is Sirius XM Finally a Tesla Stock Play ? ,fool.com
https://seekingalpha.com/news/4354706-tesla-holiday-update-delivers-apple-watch-options-santa-wraps-for-cybertruck,20241202T161500Z,"Tesla Holiday Update delivers Apple Watch options , Santa wraps for Cybertruck ( TSLA ) ",seekingalpha.com
http://www.econotimes.com/Elon-Musks-56-Billion-Payday-Rejected-Again-Tesla-Shares-Slip-in-After-Hours-Trade-1695770,20241203T023000Z,"Elon Musk $56 Billion Payday Rejected Again , Tesla Shares Slip in After - Hours Trade",econotimes.com
https://www.drive.com.au/news/elon-musks-56-billion-payday-denied-again-report/,20241203T020000Z,DENIED ! Elon Musk multi - billion - dollar payday rejected – again,drive.com.au
https://qz.com/elon-musk-tesla-x-56-billion-pay-package-denied-1851711740,20241203T021500Z,Elon Musk $56 billion pay package denied by Delaware court,qz.com
https://www.storm.mg/article/5285371,20241203T063000Z,馬斯克該領多少薪水 ？ 特斯拉董事會想給1 . 8兆 、 股東也投票通過 ， 但法院就是不准 - 風傳媒,storm.mg
https://www.finanznachrichten.de/nachrichten-2024-12/63985502-tesla-stock-china-sales-drop-triggers-share-price-decline-660.htm,20241204T014500Z,Tesla Stock : China Sales Drop Triggers Share Price Decline,finanznachrichten.de
https://finance.sina.com.cn/jjxw/2024-12-04/doc-incyfwyz4201814.shtml,20241204T001500Z,纳指 、 标普500指数续创收盘新高 ！ 特斯拉  最牛散户  称不再ALL - IN特斯拉 ， 并发出这一警告 …… ,finance.sina.com.cn
https://biz.heraldcorp.com:443/article/10009070,20241205T003000Z,미래에셋자산운용  TIGER 테슬라채권혼합Fn ETF  순자산 2000억 돌파  ,biz.heraldcorp.com
https://247wallst.com/investing/2024/12/04/rivian-stock-plunge-time-to-buy-the-dip/,20241204T231500Z,Rivian Stock Plunge : Time to Buy the Dip ? ,247wallst.com
https://www.indiatimes.com/news/world/tesla-ceo-elon-musks-rs-465-lakh-crore-pay-package-blocked-by-court-for-the-second-time-647350.html,20241203T044500Z,Tesla CEO Elon Musk Rs 4 . 65 lakh crore pay package blocked by court for the second time,indiatimes.com
https://biztoc.com/x/c606749e2b2398a4,20241202T163000Z,Tesla Big AI Driver Could Boost the Stock Sooner Than Expected,biztoc.com
https://247wallst.com/investing/2024/12/02/tech-stocks-set-to-surge-3-top-buys-in-december/,20241202T183000Z,Tech Stocks Set to Surge : 3 Top Buys in December,247wallst.com
https://www.163.com/dy/article/JIDSE30U0519DG1H.html,20241202T091500Z,人形机器人概念大爆发 ， 五洲新春等84只概念股  秀肌肉  |电机,163.com
http://finance.itbear.com.cn/html/2024-12/108659.html,20241203T034500Z,马斯克560亿薪酬计划遭否 ， 特斯拉未来何去何从 ？- 财经人物 - 小熊财经,finance.itbear.com.cn
https://www.donews.com/article/detail/7331/78722.html,20241202T124500Z,人形机器人概念大爆发 ， 五洲新春等84只概念股  秀肌肉 - DoNews专栏,donews.com
https://smartwear.zol.com.cn/924/9243851.html,20241204T224500Z,特斯拉11月国内销量创新高 ， 单月狂卖7 . 3万辆,smartwear.zol.com.cn
https://news.china.com/socialgd/10000169/20241203/47694757.html,20241203T043000Z,美法官再次驳回马斯克高额薪酬计划 特斯拉宣布将继续上诉 _ 新闻频道 _ 中华网,news.china.com
http://www.techtimes.com/articles/308572/20241203/elon-musks-56b-pay-package-deal-blocked-again-tesla-ceo-loses-appeal-court-ruling.htm,20241203T181500Z,Elon Musk $56B Pay Package Deal Blocked Again ! Tesla CEO Loses Appeal in Court Ruling,techtimes.com
https://www.nbd.com.cn/articles/2024-12-04/3671202.html,20241203T230000Z,纳指 、 标普500指数续创收盘新高 ！ 特斯拉  最牛散户  称不再ALL - IN特斯拉 ， 并发出这一警告 …… ,nbd.com.cn
https://www.financialexpress.com/world-news/delaware-judge-rules-against-elon-musks-56-billion-pay-package-tesla-to-appeal/3682652/,20241203T063000Z,"Delaware judge rules against Elon Musk $56 billion pay package , Tesla to appeal - World News",financialexpress.com
https://inews24.com/view/1789400,20241202T083000Z,  테슬라 사이버트럭  강남 한복판에 … 韓 시장 공략 강화  ,inews24.com
https://www.canberratimes.com.au/story/8836384/tesla-ceo-elon-musks-us56-billion-payday-blocked-by-us-judge/?cs=34616,20241203T034500Z,Tesla CEO Elon Musk US$56 billion payday blocked by US judge | The Canberra Times,canberratimes.com.au
https://www.themarketsdaily.com/2024/12/03/flow-traders-u-s-llc-has-1-14-million-holdings-in-t-rex-2x-inverse-tesla-daily-target-etf-nasdaqtslz.html,20241203T103000Z,Flow Traders U . S . LLC Has $1 . 14 Million Holdings in T - Rex 2X Inverse Tesla Daily Target ETF ( NASDAQ : TSLZ ) ,themarketsdaily.com
https://www.examiner.com.au/story/8836384/tesla-ceo-elon-musks-us56-billion-payday-blocked-by-us-judge/?cs=34616,20241203T010000Z,Tesla CEO Elon Musk US$56 billion payday blocked by US judge | The Examiner,examiner.com.au
https://auto.sina.com.cn/zz/hy/2024-12-04/detail-incyevpp4720452.shtml,20241204T020000Z,特斯拉国内销量创年内新高,auto.sina.com.cn
https://auto.sina.com.cn/zz/hy/2024-12-04/detail-incyevpp4720452.shtml?oaid=00101,20241204T020000Z,特斯拉国内销量创年内新高,auto.sina.com.cn
https://auto.sina.com.cn/zz/hy/2024-12-04/detail-incyevpp4720452.shtml?oaid=00102,20241204T021500Z,特斯拉国内销量创年内新高,auto.sina.com.cn
https://www.163.com/dy/article/JIGM25P40553DXPD.html,20241203T111500Z,闪电快讯｜特斯拉上海超级工厂11月交付7 . 9万辆电动车,163.com
http://www.itbear.com.cn/html/2024-12/621197.html,20241203T084500Z,特斯拉降价引发连锁反应 ， 电动车市场价格战一触即发 ？- 智能汽车 - ITBear科技资讯,itbear.com.cn
https://finance.sina.com.cn/stock/hkstock/ggscyd/2024-12-04/doc-incyhchz0887468.shtml,20241204T021500Z,特斯拉薪酬案裁决维持原判 分析师预期上诉至最高法院将获胜,finance.sina.com.cn
https://www.illawarramercury.com.au/story/8836384/tesla-ceo-elon-musks-us56-billion-payday-blocked-by-us-judge/?cs=34616,20241203T020000Z,Tesla CEO Elon Musk US$56 billion payday blocked by US judge | Illawarra Mercury,illawarramercury.com.au
https://www.163.com/dy/article/JIGN93VF0514R9KQ.html,20241203T113000Z,特斯拉国内销量超7 . 3万辆创年内新高 在京充电桩数量已达1138根,163.com
https://www.ifanr.com/1607748,20241203T134500Z,世界首富马斯克 「 讨薪 」 失败 ， 4000 亿奖金打水漂,ifanr.com
https://zdnet.co.kr/view/?no=20241202134708,20241202T061500Z,"테슬라 사이버트럭 , 강남에 떴다 … 강남스토어 오픈",zdnet.co.kr
https://finance.sina.com.cn/tech/roll/2024-12-04/doc-incycyiz1818996.shtml,20241204T011500Z,马斯克特斯拉天价薪酬方案再次被驳回 法官维持原裁定,finance.sina.com.cn
https://www.aljazeera.com/economy/2024/12/3/musks-fifty-five-point-eight-bn-tesla-pay-package-rejected-by-us-judge,20241203T033000Z,Musk $101bn Tesla pay package again rejected by US judge | Technology,aljazeera.com
https://www.hani.co.kr/arti/international/america/1170427.html,20241203T041500Z,머스크 100조원대 보상안 … 미 법원 또다시  인정 안 돼  ,hani.co.kr
https://www.tayyar.org/News/Business/640949/_guid=640949,20241203T110000Z,tayyar . org - قاضية أميركية ترفض حزمة أجور ماسك المثيرة للجدل,tayyar.org
https://www.bendigoadvertiser.com.au/story/8836384/tesla-ceo-elon-musks-us56-billion-payday-blocked-by-us-judge/?cs=34616,20241203T034500Z,Tesla CEO Elon Musk US$56 billion payday blocked by US judge | Bendigo Advertiser,bendigoadvertiser.com.au
https://www.finanznachrichten.de/nachrichten-2024-12/63973368-tesla-stock-legal-setback-offset-by-strong-market-performance-660.htm,20241203T004500Z,Tesla Stock : Legal Setback Offset by Strong Market Performance,finanznachrichten.de
https://isp.netscape.com/pf/story/0001/20241203/9d8c2212443a8fb77ef030ca96022b65,20241203T220000Z,A judge has once again rejected Musk multi - billion - dollar Tesla pay package . Now what ? ,isp.netscape.com
https://www.sandiegouniontribune.com/2024/12/03/elon-musk-tesla-pay-package/,20241203T230000Z,Judge again rejects Musk Tesla pay package . Now what ? ,sandiegouniontribune.com
https://www.theyeshivaworld.com/news/general/2337699/a-judge-has-once-again-rejected-musks-multi-billion-dollar-tesla-pay-package-now-what.html,20241204T140000Z,A Judge Has Once Again Rejected Musk Multi - Billion - Dollar Tesla Pay Package . Now What ? – The Yeshiva World,theyeshivaworld.com
https://www.zonebourse.com/cours/action/TESLA-INC-6344549/actualite/Quelle-est-la-prochaine-etape-pour-Musk-apres-que-le-juge-a-statue-contre-lui-dans-l-affaire-des-48506856/,20241203T033000Z,Quelle est la prochaine étape pour Musk après que le juge a statué contre lui dans laffaire des salaires de Tesla ? ,zonebourse.com
https://www.aboluowang.com/2024/1205/2140081.html,20241204T181500Z,特斯拉重要大股东警告 ： 1929股灾即将重演,aboluowang.com
https://wccftech.com/wedbush-on-elon-musks-56-billion-pay-package-termination-tesla-musk-we-expect-will-win-this-case-at-the-supreme-court/,20241203T153000Z,Wedbush On Elon Musk $56 Billion Pay Package Termination :  Tesla / Musk We Expect Will Win This Case At The Supreme Court  ,wccftech.com
http://www.itbear.com.cn/html/2024-12/622039.html,20241204T014500Z,特斯拉海外旧车免费换电池 ， 国内车主何时能享此福利 ？- 智能汽车 - ITBear科技资讯,itbear.com.cn
https://www.dailycamera.com/2024/12/03/elon-musk-tesla-pay-package/,20241204T020000Z,Judge again rejects Musk Tesla pay package . Now what ? ,dailycamera.com
https://auto.zol.com.cn/924/9242200.html,20241203T031500Z,特斯拉中国 ： Cybertruck 暂无入华销售计划,auto.zol.com.cn
https://finance.sina.com.cn/stock/usstock/c/2024-12-02/doc-incyafyf1899300.shtml,20241202T074500Z,摩根大通同意撤销对特斯拉认股权证的诉讼,finance.sina.com.cn
https://abcnews.go.com/Business/wireStory/judge-rejected-musks-multi-billion-dollar-tesla-pay-116428447,20241204T020000Z,A judge has once again rejected Musk multi - billion - dollar Tesla pay package . Now what ? ,abcnews.go.com
https://www.ess.fi/uutissuomalainen/8111946,20241203T053000Z,Oikeus torppasi jälleen Teslan Muskille kaavaileman massiivisen palkkapaketin,ess.fi
https://www.houstonpublicmedia.org/npr/2024/12/03/nx-s1-5214484/elon-musks-more-than-50-billion-pay-deal-at-tesla-was-rejected-again-here-is-why/,20241204T004500Z,Elon Musk more than $50 billion pay deal at Tesla was rejected again . Here is why,houstonpublicmedia.org
https://www.manufacturing.net/automotive/news/22927862/whats-next-for-musk-following-the-rejected-multibilliondollar-tesla-pay-package,20241204T194500Z,What Next for Musk Following the Rejected Multi - Billion - Dollar Tesla Pay Package,manufacturing.net
https://www.npr.org/2024/12/03/nx-s1-5214484/elon-musk-tesla-compensation,20241203T223000Z,Musk Tesla pay deal was rejected again . Here is why : NPR,npr.org
http://www.itbear.com.cn/html/2024-12/618242.html,20241201T100000Z,特斯拉Model 3 / Y五年免息延续至年底 ， Model Y新优惠来袭 ！- 智能汽车 - ITBear科技资讯,itbear.com.cn
https://gate.el-balad.com/50380,20241203T090000Z,محكمة أمريكية ترفض حصول إيلون ماسك على حزمة مكافآت وتعويضات من تسلا بقيمة 56 مليار دولار,gate.el-balad.com
https://www.zaobao.com.sg/realtime/world/story20241203-5474217,20241203T143000Z,周二美市盘前小幅走低 重点谈Destiny Tech100走高,zaobao.com.sg
https://knpr.org/npr/2024-12-03/elon-musks-more-than-50-billion-pay-deal-at-tesla-was-rejected-again-here-is-why,20241204T011500Z,Elon Musk more than $50 billion pay deal at Tesla was rejected again . Here is why,knpr.org
http://www.itbear.com.cn/html/2024-12/620128.html,20241202T144500Z,特斯拉FSD再升级 ， 中国智驾已迎头赶上 ， 谁能更胜一筹 ？- 智能汽车 - ITBear科技资讯,itbear.com.cn
https://www.163.com/dy/article/JIFU9H520514R9P4.html,20241203T041500Z,560亿美元薪酬计划再被法官驳回 ， 马斯克 ： 公司应当由股东而非法官控制,163.com
https://www.163.com/dy/article/JIG5QKTN0514R9NK.html,20241203T063000Z,年薪高达560亿美元 ， 天价薪酬案再遭驳回 ！ 马斯克 ： 公司应当由股东而非法官控制,163.com
https://finance.sina.com.cn/tech/roll/2024-12-03/doc-incyevpp4711813.shtml,20241203T111500Z,创历史 ！ 特斯拉11月国内销量暴涨82 %： 一个月卖了7 . 3万辆,finance.sina.com.cn
https://www.dailyjanakantha.com/international/news/749574,20241203T130000Z,ইলন মাস্কের টেসলা পারিশ্রমিক প্যাকেজ আবারও বাতিল,dailyjanakantha.com
https://www.edaily.co.kr/News/Read?newsId=03726086639114584&mediaCodeNo=257,20241202T134500Z," [ 美특징주 ] 테슬라 , AI 기대에 목표가 상향 … 개장 전 상승",edaily.co.kr
https://www.investors.com/market-trend/stock-market-today/dow-jones-sp500-tesla-tsla-trump-musk-nasdaq/,20241202T140000Z,Dow Jones Futures Fall ; Tesla Jumps On Elon Musk Support For Trump,investors.com
https://biz.heraldcorp.com:443/article/10007830,20241203T021500Z,  머스크 100조원대 보상안 불허  美법원 판결에 테슬라  항소  ,biz.heraldcorp.com
https://www.cbc.ca/news/business/delaware-musk-tesla-ruling-1.7399447,20241203T123000Z,"Musk $56B Tesla compensation is rejected by judge , again",cbc.ca
https://es.investing.com/news/stock-market-news/segundo-rechazo-al-paquete-salarial-de-musk-que-impacto-tendria-para-tesla-2935545,20241203T184500Z,Segundo rechazo al paquete salarial de Musk : ¿ Qué impacto tendría para Tesla ? Por Investing . com,es.investing.com
https://www.proactiveinvestors.com.au/companies/news/1062048/tech-bytes-delaware-judge-blocks-elon-musk-s-86-billion-tesla-pay-package-again-1062048.html,20241204T070000Z,Tech Bytes : Delaware judge blocks Elon Musk $86 billion Tesla pay package again,proactiveinvestors.com.au
https://arstechnica.com/tech-policy/2024/12/judge-again-rejects-the-elon-musk-tesla-pay-plan-now-valued-at-101-billion/,20241203T023000Z,"Elon Musk loses bid to reinstate massive Tesla pay plan , now worth $101B",arstechnica.com
http://www.itbear.com.cn/html/2024-12/618691.html,20241202T020000Z,特斯拉Model 3 / Y免息延期 ， 极氪009香港上市 ， 新能源车市再掀波澜 - 智能汽车 - ITBear科技资讯,itbear.com.cn
https://www.firstpost.com/explainers/why-is-a-us-judge-blocking-elon-musk-56-billion-pay-from-tesla-13840992.html,20241203T071500Z,Why is a US judge blocking Elon Musk $56 billion pay from Tesla ? – Firstpost,firstpost.com
https://www.alweeam.com.sa/1107324/2024/%D9%82%D8%A7%D8%B6%D9%8A%D8%A9-%D8%A3%D9%85%D8%B1%D9%8A%D9%83%D9%8A%D8%A9-%D8%AA%D8%B5%D8%AF%D9%85-%D8%A5%D9%8A%D9%84%D9%88%D9%86-%D9%85%D8%A7%D8%B3%D9%83/,20241203T084500Z,قاضية أمريكية تصدم إيلون ماسك,alweeam.com.sa
https://finance.sina.com.cn/jjxw/2024-12-04/doc-incyhchx4120381.shtml,20241204T014500Z,外媒 ： 特斯拉誓言上诉 ， 马斯克薪酬诉讼败诉或引发长期法律纠纷,finance.sina.com.cn
https://ec.ltn.com.tw/article/breakingnews/4882099,20241203T034500Z,表態支持馬斯克1 . 8兆薪酬案 女股神 ： 任何法官都無權決定CEO的薪酬,ec.ltn.com.tw
https://finance.sina.com.cn/world/2024-12-04/doc-incyhynp3848270.shtml,20241204T130000Z,天价薪酬方案二次被否 马斯克下一步要怎样做才能拿到这笔钱 ？ ,finance.sina.com.cn
https://finance.sina.com.cn/money/fund/fundzmt/2024-12-02/doc-incyasqe8521810.shtml,20241202T134500Z,特斯拉 ， 突曝大消息 ！ |特斯拉 _ 新浪财经 _ 新浪网,finance.sina.com.cn
https://www.benzinga.com/24/12/42260398/how-a-potential-fallout-between-elon-musk-and-trump-could-impact-tesla-and-spacex-cathie-wood-weighs-in,20241202T090000Z,How A Potential Fallout Between Elon Musk And Trump Could Impact Tesla And SpaceX : Cathie Wood Weighs In - Tesla ( NASDAQ : TSLA ) ,benzinga.com
http://www.itbear.com.cn/html/2024-12/621996.html,20241204T013000Z,特斯拉北京充电网络领先 ， 超千根充电桩助力绿色出行 - 智能汽车 - ITBear科技资讯,itbear.com.cn
https://thefrontierpost.com/us-court-rejects-musks-56-billion-tesla-pay-package-again/,20241203T134500Z,US court rejects Musk $56 billion Tesla pay package again – The Frontier Post,thefrontierpost.com
https://www.independent.co.uk/news/world/americas/tesla-ap-delaware-lawyers-texas-b2658340.html,20241204T011500Z,A judge has once again rejected Musk multi - billion - dollar Tesla pay package . Now what ? ,independent.co.uk
https://www.redlandcitybulletin.com.au/story/8836384/tesla-ceo-elon-musks-us56-billion-payday-blocked-by-us-judge/?cs=34616,20241203T004500Z,Tesla CEO Elon Musk US$56 billion payday blocked by US judge | Redland City Bulletin,redlandcitybulletin.com.au
https://www.theleader.com.au/story/8836384/tesla-ceo-elon-musks-us56-billion-payday-blocked-by-us-judge/?cs=34616,20241203T021500Z,Tesla CEO Elon Musk US$56 billion payday blocked by US judge | St George & Sutherland Shire Leader,theleader.com.au
https://www.bunburymail.com.au/story/8836384/tesla-ceo-elon-musks-us56-billion-payday-blocked-by-us-judge/?cs=34616,20241203T030000Z,Tesla CEO Elon Musk US$56 billion payday blocked by US judge | Bunbury Mail,bunburymail.com.au
https://www.bluemountainsgazette.com.au/story/8836384/tesla-ceo-elon-musks-us56-billion-payday-blocked-by-us-judge/?cs=34616,20241203T040000Z,Tesla CEO Elon Musk US$56 billion payday blocked by US judge | Blue Mountains Gazette,bluemountainsgazette.com.au
https://www.infobae.com/tecno/2024/12/04/tesla-predice-uno-de-los-cambios-mas-grandes-en-la-historia-para-los-ninos-y-el-mundo-de-los-autos/,20241204T171500Z,Tesla predice uno de los cambios más grandes en la historia para los niños y el mundo de los autos,infobae.com
https://www.benzinga.com/24/12/42285783/tesla-bear-craig-irwin-turns-bullish-increases-price-target-from-85-to-380,20241203T121500Z,"Tesla Bear Craig Irwin Turns Bullish On EV Giant , Increases Price Target By 347 %:  There Are Abundant Positive Catalyst - Tesla ( NASDAQ : TSLA ) ",benzinga.com
https://www.ettoday.net/news/20241203/2866251.htm,20241203T010000Z,馬斯克 「 天價薪酬方案 」 再遭法院否決 ！ 如今價值已漲破千億 | ETtoday國際新聞,ettoday.net
https://finance.sina.com.cn/stock/relnews/us/2024-12-02/doc-incxzvks5580078.shtml,20241202T034500Z,特斯拉官网更新订单页面 ， 加入 FSD 实车演示视频,finance.sina.com.cn
https://www.canberratimes.com.au/story/8836592/tesla-must-revoke-musks-pay-package-judge-reaffirms/?cs=14232,20241203T034500Z,"Tesla must revoke Musk pay package , judge reaffirms",canberratimes.com.au
https://www.benzinga.com/news/large-cap/24/12/42305868/whats-going-on-with-magnificent-7-stocks,20241204T010000Z,What Going On With Magnificent 7 Stocks ? - NVIDIA ( NASDAQ : NVDA ) ,benzinga.com
https://newtalk.tw/news/view/2024-12-03/947386,20241203T110000Z,馬斯克3 . 3兆薪酬案被擋 ! 又遭 「 這法官 」 否決 稱 : 股東們不該向他屈服 | 國際,newtalk.tw
https://www.geo.tv/latest/577581-delaware-judge-rejects-elon-musks-56-billion-tesla-pay-again,20241203T103000Z,Delaware judge rejects Elon Musk $56bn Tesla pay again,geo.tv
https://www.edaily.co.kr/News/Read?newsId=01325126639114912&mediaCodeNo=257,20241202T221500Z, [ 속보 ] S & P500 · 나스닥 또 사상 최고치 … 테슬라 3 . 5 % ↑,edaily.co.kr
https://www.boursier.com/actions/actualites/news/tesla-vos-enfants-n-auront-probablement-jamais-a-apprendre-a-conduire-945072.html,20241202T120000Z,Tesla :  Vos enfants nauront probablement jamais à apprendre à conduire  ,boursier.com
https://www.thetimes.com/business-money/technology/article/elon-musk-loses-bid-to-secure-record-pay-package-5ntszjj8v,20241203T021500Z,Elon Musk loses bid to secure $56bn pay package,thetimes.com
https://www.163.com/dy/article/JIASPOD80514R9OJ.html,20241201T050000Z,特斯拉人形机器人灵巧手升级 ， 工程机械与造船业迎来新机遇,163.com
https://www.okaz.com.sa/variety/na/2175099,20241201T220000Z,هاتف « تسلا » الجديد .. هل يهز عرش « آيفون »؟ ,okaz.com.sa
http://finance.itbear.com.cn/html/2024-12/109532.html,20241204T040000Z,马斯克560亿薪酬计划泡汤 ， 特斯拉治理引热议 - 信息流 - 小熊财经,finance.itbear.com.cn
https://www.rte.ie/news/business/2024/1203/1484391-musks-pay-packet/,20241203T110000Z,US judge rejects Musk $56 billion Tesla pay,rte.ie
https://www.finanzen.net/nachricht/aktien/autopilot-tesla-aktie-update-fuer-full-self-driving-software-analyst-wird-deutlich-optimistischer-14064909,20241203T104500Z,NASDAQ - Tite Tesla - Aktie : Update für Full Self - Driving - Software - Analyst hebt Kursziel massiv an,finanzen.net
https://www.busseltonmail.com.au/story/8836384/tesla-ceo-elon-musks-us56-billion-payday-blocked-by-us-judge/?cs=34616,20241203T010000Z,Tesla CEO Elon Musk US$56 billion payday blocked by US judge | Busselton - Dunsborough Mail,busseltonmail.com.au
https://www.singletonargus.com.au/story/8836384/tesla-ceo-elon-musks-us56-billion-payday-blocked-by-us-judge/?cs=34616,20241203T010000Z,Tesla CEO Elon Musk US$56 billion payday blocked by US judge | The Singleton Argus,singletonargus.com.au
https://www.centralwesterndaily.com.au/story/8836384/tesla-ceo-elon-musks-us56-billion-payday-blocked-by-us-judge/?cs=34616,20241203T010000Z,Tesla CEO Elon Musk US$56 billion payday blocked by US judge | Central Western Daily,centralwesterndaily.com.au
https://www.portnews.com.au/story/8836384/tesla-ceo-elon-musks-us56-billion-payday-blocked-by-us-judge/?cs=34616,20241203T010000Z,Tesla CEO Elon Musk US$56 billion payday blocked by US judge | Port Macquarie News,portnews.com.au
https://www.macleayargus.com.au/story/8836384/tesla-ceo-elon-musks-us56-billion-payday-blocked-by-us-judge/?cs=34616,20241203T004500Z,Tesla CEO Elon Musk US$56 billion payday blocked by US judge | The Macleay Argus,macleayargus.com.au
https://www.dailyadvertiser.com.au/story/8836384/tesla-ceo-elon-musks-us56-billion-payday-blocked-by-us-judge/?cs=34616,20241203T004500Z,Tesla CEO Elon Musk US$56 billion payday blocked by US judge | The Daily Advertiser,dailyadvertiser.com.au
https://www.newcastleherald.com.au/story/8836384/tesla-ceo-elon-musks-us56-billion-payday-blocked-by-us-judge/?cs=34616,20241203T004500Z,Tesla CEO Elon Musk US$56 billion payday blocked by US judge | Newcastle Herald,newcastleherald.com.au
https://www.dungogchronicle.com.au/story/8836384/tesla-ceo-elon-musks-us56-billion-payday-blocked-by-us-judge/?cs=34616,20241203T004500Z,Tesla CEO Elon Musk US$56 billion payday blocked by US judge | Dungog Chronicle,dungogchronicle.com.au
https://www.cootamundraherald.com.au/story/8836384/tesla-ceo-elon-musks-us56-billion-payday-blocked-by-us-judge/?cs=34616,20241203T014500Z,Tesla CEO Elon Musk US$56 billion payday blocked by US judge | Cootamundra Herald,cootamundraherald.com.au
https://www.southernhighlandnews.com.au/story/8836384/tesla-ceo-elon-musks-us56-billion-payday-blocked-by-us-judge/?cs=34616,20241203T014500Z,Tesla CEO Elon Musk US$56 billion payday blocked by US judge | Southern Highland News,southernhighlandnews.com.au
https://www.merimbulanewsweekly.com.au/story/8836384/tesla-ceo-elon-musks-us56-billion-payday-blocked-by-us-judge/?cs=34616,20241203T014500Z,Tesla CEO Elon Musk US$56 billion payday blocked by US judge | Merimbula News Weekly,merimbulanewsweekly.com.au
https://www.nvi.com.au/story/8836384/tesla-ceo-elon-musks-us56-billion-payday-blocked-by-us-judge/?cs=34616,20241203T014500Z,Tesla CEO Elon Musk US$56 billion payday blocked by US judge | Namoi Valley Independent,nvi.com.au
https://www.southcoastregister.com.au/story/8836384/tesla-ceo-elon-musks-us56-billion-payday-blocked-by-us-judge/?cs=34616,20241203T031500Z,Tesla CEO Elon Musk US$56 billion payday blocked by US judge | South Coast Register,southcoastregister.com.au
https://www.lithgowmercury.com.au/story/8836384/tesla-ceo-elon-musks-us56-billion-payday-blocked-by-us-judge/?cs=34616,20241203T031500Z,Tesla CEO Elon Musk US$56 billion payday blocked by US judge | Lithgow Mercury,lithgowmercury.com.au
https://www.yasstribune.com.au/story/8836384/tesla-ceo-elon-musks-us56-billion-payday-blocked-by-us-judge/?cs=34616,20241203T031500Z,Tesla CEO Elon Musk US$56 billion payday blocked by US judge | Yass Tribune,yasstribune.com.au
https://www.nynganobserver.com.au/story/8836384/tesla-ceo-elon-musks-us56-billion-payday-blocked-by-us-judge/?cs=34616,20241203T031500Z,Tesla CEO Elon Musk US$56 billion payday blocked by US judge | Nyngan Observer,nynganobserver.com.au
https://www.crookwellgazette.com.au/story/8836384/tesla-ceo-elon-musks-us56-billion-payday-blocked-by-us-judge/?cs=34616,20241203T031500Z,Tesla CEO Elon Musk US$56 billion payday blocked by US judge | Crookwell Gazette,crookwellgazette.com.au
https://www.queanbeyanage.com.au/story/8836384/tesla-ceo-elon-musks-us56-billion-payday-blocked-by-us-judge/?cs=34616,20241203T024500Z,Tesla CEO Elon Musk US$56 billion payday blocked by US judge | The Queanbeyan Age,queanbeyanage.com.au
https://www.batemansbaypost.com.au/story/8836384/tesla-ceo-elon-musks-us56-billion-payday-blocked-by-us-judge/?cs=34616,20241203T020000Z,Tesla CEO Elon Musk US$56 billion payday blocked by US judge | Bay Post - Moruya Examiner,batemansbaypost.com.au
https://www.juneesoutherncross.com.au/story/8836384/tesla-ceo-elon-musks-us56-billion-payday-blocked-by-us-judge/?cs=34616,20241203T034500Z,Tesla CEO Elon Musk US$56 billion payday blocked by US judge | Southern Cross,juneesoutherncross.com.au
https://www.greatlakesadvocate.com.au/story/8836384/tesla-ceo-elon-musks-us56-billion-payday-blocked-by-us-judge/?cs=34616,20241203T034500Z,Tesla CEO Elon Musk US$56 billion payday blocked by US judge | Great Lakes Advocate,greatlakesadvocate.com.au
https://www.ulladullatimes.com.au/story/8836384/tesla-ceo-elon-musks-us56-billion-payday-blocked-by-us-judge/?cs=34616,20241203T034500Z,Tesla CEO Elon Musk US$56 billion payday blocked by US judge | Milton Ulladulla Times,ulladullatimes.com.au
https://www.margaretrivermail.com.au/story/8836384/tesla-ceo-elon-musks-us56-billion-payday-blocked-by-us-judge/?cs=34616,20241203T040000Z,Tesla CEO Elon Musk US$56 billion payday blocked by US judge | Augusta - Margaret River Mail,margaretrivermail.com.au
https://www.maitlandmercury.com.au/story/8836384/tesla-ceo-elon-musks-us56-billion-payday-blocked-by-us-judge/?cs=34616,20241203T040000Z,Tesla CEO Elon Musk US$56 billion payday blocked by US judge | The Maitland Mercury,maitlandmercury.com.au
https://www.inverelltimes.com.au/story/8836384/tesla-ceo-elon-musks-us56-billion-payday-blocked-by-us-judge/?cs=34616,20241203T040000Z,Tesla CEO Elon Musk US$56 billion payday blocked by US judge | The Inverell Times,inverelltimes.com.au
https://www.irrigator.com.au/story/8836384/tesla-ceo-elon-musks-us56-billion-payday-blocked-by-us-judge/?cs=34616,20241203T040000Z,Tesla CEO Elon Musk US$56 billion payday blocked by US judge | The Irrigator,irrigator.com.au
https://www.thecourier.com.au/story/8836384/tesla-ceo-elon-musks-us56-billion-payday-blocked-by-us-judge/?cs=34616,20241203T041500Z,Tesla CEO Elon Musk US$56 billion payday blocked by US judge | The Courier,thecourier.com.au
https://www.northweststar.com.au/story/8836384/tesla-ceo-elon-musks-us56-billion-payday-blocked-by-us-judge/?cs=34616,20241203T041500Z,Tesla CEO Elon Musk US$56 billion payday blocked by US judge | The North West Star,northweststar.com.au
https://www.therural.com.au/story/8836384/tesla-ceo-elon-musks-us56-billion-payday-blocked-by-us-judge/?cs=34616,20241203T041500Z,Tesla CEO Elon Musk US$56 billion payday blocked by US judge | The Rural,therural.com.au
https://www.hepburnadvocate.com.au/story/8836384/tesla-ceo-elon-musks-us56-billion-payday-blocked-by-us-judge/?cs=34616,20241203T041500Z,Tesla CEO Elon Musk US$56 billion payday blocked by US judge | The Advocate - Hepburn,hepburnadvocate.com.au
https://www.muswellbrookchronicle.com.au/story/8836384/tesla-ceo-elon-musks-us56-billion-payday-blocked-by-us-judge/?cs=34616,20241203T041500Z,Tesla CEO Elon Musk US$56 billion payday blocked by US judge | Muswellbrook Chronicle,muswellbrookchronicle.com.au
https://www.naroomanewsonline.com.au/story/8836384/tesla-ceo-elon-musks-us56-billion-payday-blocked-by-us-judge/?cs=34616,20241203T033000Z,Tesla CEO Elon Musk US$56 billion payday blocked by US judge | Narooma News,naroomanewsonline.com.au
https://www.edenmagnet.com.au/story/8836384/tesla-ceo-elon-musks-us56-billion-payday-blocked-by-us-judge/?cs=34616,20241203T033000Z,Tesla CEO Elon Musk US$56 billion payday blocked by US judge | Magnet,edenmagnet.com.au
https://www.wellingtontimes.com.au/story/8836384/tesla-ceo-elon-musks-us56-billion-payday-blocked-by-us-judge/?cs=34616,20241203T031500Z,Tesla CEO Elon Musk US$56 billion payday blocked by US judge | Wellington Times,wellingtontimes.com.au
https://www.easternriverinachronicle.com.au/story/8836384/tesla-ceo-elon-musks-us56-billion-payday-blocked-by-us-judge/?cs=34616,20241203T023000Z,Tesla CEO Elon Musk US$56 billion payday blocked by US judge | Eastern Riverina Chronicle,easternriverinachronicle.com.au
https://www.katherinetimes.com.au/story/8836384/tesla-ceo-elon-musks-us56-billion-payday-blocked-by-us-judge/?cs=34616,20241203T023000Z,Tesla CEO Elon Musk US$56 billion payday blocked by US judge | Katherine Times,katherinetimes.com.au
https://www.bordermail.com.au/story/8836384/tesla-ceo-elon-musks-us56-billion-payday-blocked-by-us-judge/?cs=34616,20241203T010000Z,Tesla CEO Elon Musk US$56 billion payday blocked by US judge | The Border Mail,bordermail.com.au
https://www.mudgeeguardian.com.au/story/8836384/tesla-ceo-elon-musks-us56-billion-payday-blocked-by-us-judge/?cs=34616,20241203T014500Z,Tesla CEO Elon Musk US$56 billion payday blocked by US judge | Mudgee Guardian,mudgeeguardian.com.au
https://www.begadistrictnews.com.au/story/8836384/tesla-ceo-elon-musks-us56-billion-payday-blocked-by-us-judge/?cs=34616,20241203T014500Z,Tesla CEO Elon Musk US$56 billion payday blocked by US judge | Bega District News,begadistrictnews.com.au
https://www.manningrivertimes.com.au/story/8836384/tesla-ceo-elon-musks-us56-billion-payday-blocked-by-us-judge/?cs=34616,20241203T033000Z,Tesla CEO Elon Musk US$56 billion payday blocked by US judge | Manning River Times,manningrivertimes.com.au
https://www.sconeadvocate.com.au/story/8836384/tesla-ceo-elon-musks-us56-billion-payday-blocked-by-us-judge/?cs=34616,20241203T033000Z,Tesla CEO Elon Musk US$56 billion payday blocked by US judge | The Scone Advocate,sconeadvocate.com.au
https://www.dailyliberal.com.au/story/8836384/tesla-ceo-elon-musks-us56-billion-payday-blocked-by-us-judge/?cs=34616,20241203T030000Z,Tesla CEO Elon Musk US$56 billion payday blocked by US judge | Daily Liberal,dailyliberal.com.au
https://www.westernadvocate.com.au/story/8836384/tesla-ceo-elon-musks-us56-billion-payday-blocked-by-us-judge/?cs=34616,20241203T030000Z,Tesla CEO Elon Musk US$56 billion payday blocked by US judge | Western Advocate,westernadvocate.com.au
https://www.moreechampion.com.au/story/8836384/tesla-ceo-elon-musks-us56-billion-payday-blocked-by-us-judge/?cs=34616,20241203T041500Z,Tesla CEO Elon Musk US$56 billion payday blocked by US judge | Moree Champion,moreechampion.com.au
https://news.ifeng.com/c/8f0iu50Ks6w,20241203T061500Z,4000亿薪酬计划被驳回 ！ 马斯克  讨薪  再失败 ！ 特斯拉还要支付25亿律师费 _ 凤凰网,news.ifeng.com
https://www.moneycontrol.com/news/world/delaware-judge-reaffirms-ruling-that-invalidated-massive-tesla-pay-package-for-elon-musk-12881536.html,20241203T040000Z,Delaware judge reaffirms ruling that invalidated massive Tesla pay package for Elon Musk,moneycontrol.com
https://247wallst.com/technology-3/2024/12/03/stock-forecast-heres-how-tesla-tsla-stock-gets-to-700-per-share/,20241204T133000Z,Stock Forecast : Here How Tesla ( TSLA ) Stock Gets to $700 Per Share,247wallst.com
https://www.thenewdaily.com.au/news/world/us-news/2024/12/03/tesla-elon-musk-big-pay-day,20241203T053000Z,"Tesla cannot pay Musk $87b , judge reaffirms",thenewdaily.com.au
https://www.wenxuecity.com/news/2024/12/03/125899303.html,20241204T051500Z,560亿美元薪酬计划再遭驳回 马斯克生气表态,wenxuecity.com
https://zdnet.co.kr/view/?no=20241203141156,20241203T084500Z,"美 법원 ,  머스크 스톡옵션 100조  또 불허",zdnet.co.kr
http://www.itbear.com.cn/html/2024-12/618692.html,20241202T020000Z,特斯拉Model 3 / Y免息延期 ， 极氪009香港上市 ， 新能源市场再掀波澜 - 智能汽车 - ITBear科技资讯,itbear.com.cn
https://www.epochtimes.com/b5/24/12/3/n14383258.htm,20241203T054500Z,馬斯克特斯拉薪酬案再遭否決 擬繼續上訴 | 特拉華州 | 衡平法院,epochtimes.com
https://www.voanews.com/a/delaware-judge-rejects-request-to-restore-musk-s-56-billion-tesla-pay/7885050.html,20241203T020000Z,Delaware judge rejects request to restore Musk $56 billion Tesla pay,voanews.com
https://www.setn.com/News.aspx?NewsID=1573086,20241203T034500Z,馬斯克1 . 8兆特斯拉薪酬案 再次遭法官否決 | 國際 | 三立新聞網 SETN . COM,setn.com
https://finance.sina.com.cn/jjxw/2024-12-03/doc-incyekxt4850816.shtml,20241203T070000Z,4000亿元薪酬计划被法官驳回 ！ 马斯克  讨薪  再失败 ！ 特斯拉还要支付25亿元律师费 ...... ,finance.sina.com.cn
https://laopinion.com/2024/12/02/tesla-abre-la-puerta-a-una-nueva-forma-de-compra/,20241202T221500Z,Tesla abre la puerta a una nueva forma de compra,laopinion.com
https://finance.sina.com.cn/tech/roll/2024-12-03/doc-incyerfr4823982.shtml,20241203T103000Z,特斯拉中国11月成绩出炉 ： 批发销量78856台 同比劲增51 % ,finance.sina.com.cn
https://timesofindia.indiatimes.com/world/us/meet-richard-tornetta-drummer-who-took-on-elon-musk-over-a-56-billion-pay-deal/articleshow/115925320.cms,20241203T123000Z,"Meet Richard Tornetta , drummer who took on Elon Musk over a $56 billion pay deal",timesofindia.indiatimes.com
https://abcnews.go.com/Business/wireStory/delaware-judge-reaffirms-ruling-invalidated-massive-tesla-pay-116389783,20241203T023000Z,Judge reaffirms ruling invalidating Musk multibillion - dollar Tesla pay package,abcnews.go.com
https://abcnews.go.com/US/wireStory/delaware-judge-reaffirms-ruling-invalidated-massive-tesla-pay-116389782,20241203T133000Z,Delaware judge reaffirms ruling that invalidated massive Tesla pay package for Elon Musk,abcnews.go.com
https://finance.sina.com.cn/jjxw/2024-12-02/doc-incxzzsq5490515.shtml,20241202T061500Z,特斯拉发布FSD V13 . 2版本 ， 实现  点对点  全自动驾驶新突破,finance.sina.com.cn
https://www.hollywoodreporter.com/business/business-news/judge-reaffirms-ruling-invalidated-tesla-pay-package-elon-musk-1236075066/,20241203T020000Z,Judge Reaffirms Ruling to Revoke Elon Musk Massive Tesla Pay Package,hollywoodreporter.com
https://www.firstpost.com/world/delaware-judge-reaffirms-ruling-delaware-judge-upholds-ruling-that-tesla-must-revoke-musks-multibillion-dollar-pay-package-13840962.html,20241203T050000Z,Delaware judge upholds ruling that Tesla must revoke Musk multibillion - dollar pay package,firstpost.com
https://www.wcvb.com/article/musk-tesla-pay-package-revoked-judge-reaffirms/63074052,20241203T021500Z,A Delaware judge has reaffirmed her ruling that Tesla must revoke Elon Musk multibillion - dollar pay package,wcvb.com
https://www.newsday.com/business/tesla-elon-musk-executive-pay-compensation-shareholders-i95169,20241203T023000Z,Delaware judge reaffirms ruling that invalidated massive Tesla pay package for Elon Musk,newsday.com
https://komonews.com/news/nation-world/delaware-judge-reaffirms-ruling-that-invalidated-massive-tesla-pay-package-for-elon-musk-stock-price-corporate-director-doge-shareholder-attorney-excessive-compensation,20241203T064500Z,Delaware judge reaffirms ruling for Tesla to revoke Musk multibillion - dollar pay package,komonews.com
https://www.bnnbloomberg.ca/business/international/2024/12/03/delaware-judge-reaffirms-ruling-that-invalidated-massive-tesla-pay-package-for-elon-musk/,20241203T170000Z,Delaware judge reaffirms ruling that invalidated massive Tesla pay package for Elon Musk,bnnbloomberg.ca
https://www.local10.com/business/2024/12/02/delaware-judge-reaffirms-ruling-that-invalidated-massive-tesla-pay-package-for-elon-musk/,20241203T000000Z,Delaware judge reaffirms ruling that invalidated massive Tesla pay package for Elon Musk,local10.com
https://www.dailyherald.com/20241202/nation-and-world/delaware-judge-reaffirms-ruling-that-invalidated-massive-tesla-pay-package-for-elon-musk/,20241203T024500Z,Delaware judge reaffirms ruling that invalidated massive Tesla pay package for Elon Musk,dailyherald.com
https://katu.com/news/nation-world/delaware-judge-reaffirms-ruling-that-invalidated-massive-tesla-pay-package-for-elon-musk-stock-price-corporate-director-doge-shareholder-attorney-excessive-compensation,20241203T030000Z,Delaware judge reaffirms ruling for Tesla to revoke Musk multibillion - dollar pay package,katu.com
https://wpde.com/news/nation-world/delaware-judge-reaffirms-ruling-that-invalidated-massive-tesla-pay-package-for-elon-musk-stock-price-corporate-director-doge-shareholder-attorney-excessive-compensation,20241203T043000Z,Delaware judge reaffirms ruling for Tesla to revoke Musk multibillion - dollar pay package,wpde.com
https://www.kob.com/news/business-money/delaware-judge-reaffirms-ruling-that-invalidated-massive-tesla-pay-package-for-elon-musk/,20241203T004500Z,Delaware judge reaffirms ruling that invalidated massive Tesla pay package for Elon Musk,kob.com
https://wset.com/news/nation-world/delaware-judge-reaffirms-ruling-that-invalidated-massive-tesla-pay-package-for-elon-musk-stock-price-corporate-director-doge-shareholder-attorney-excessive-compensation,20241203T061500Z,Delaware judge reaffirms ruling for Tesla to revoke Musk multibillion - dollar pay package,wset.com
https://www.wtae.com/article/musk-tesla-pay-package-revoked-judge-reaffirms/63074052,20241203T014500Z,A Delaware judge has reaffirmed her ruling that Tesla must revoke Elon Musk multibillion - dollar pay package,wtae.com
https://www.investors.com:443/market-trend/stock-market-today/dow-jones-sp500-nasdaq-nvidia-ai-stock/,20241203T170000Z,"Stock Market Today : Dow Jones Falls But Nvidia Nears Buy Point ; Tesla Drops , While This AI Stock Soars After Earnings ( Live Coverage ) ",investors.com
https://www.wesh.com/article/musk-tesla-pay-package-revoked-judge-reaffirms/63074052,20241203T004500Z,A Delaware judge has reaffirmed her ruling that Tesla must revoke Elon Musk multibillion - dollar pay package,wesh.com
https://www.theepochtimes.com/business/delaware-judge-upholds-decision-to-rescind-musks-56-billion-tesla-pay-package-5769699,20241203T030000Z,Judge Upholds Decision to Reject Musk $56 Billion Tesla Pay Package,theepochtimes.com
https://wlos.com/news/nation-world/delaware-judge-reaffirms-ruling-that-invalidated-massive-tesla-pay-package-for-elon-musk-stock-price-corporate-director-doge-shareholder-attorney-excessive-compensation,20241203T060000Z,Delaware judge reaffirms ruling for Tesla to revoke Musk multibillion - dollar pay package,wlos.com
https://www.kcra.com/article/musk-tesla-pay-package-revoked-judge-reaffirms/63074052,20241203T021500Z,A Delaware judge has reaffirmed her ruling that Tesla must revoke Elon Musk multibillion - dollar pay package,kcra.com
https://www.wgal.com/article/musk-tesla-pay-package-revoked-judge-reaffirms/63074052,20241203T021500Z,A Delaware judge has reaffirmed her ruling that Tesla must revoke Elon Musk multibillion - dollar pay package,wgal.com
https://13wham.com/news/nation-world/delaware-judge-reaffirms-ruling-that-invalidated-massive-tesla-pay-package-for-elon-musk-stock-price-corporate-director-doge-shareholder-attorney-excessive-compensation,20241203T054500Z,Delaware judge reaffirms ruling for Tesla to revoke Musk multibillion - dollar pay package,13wham.com
https://www.cbsnews.com/news/elon-musk-tesla-pay-package-rejected-56-billion-delaware-judge/,20241203T001500Z,Elon Musk request to reinstate his $56 billion Tesla pay package is rejected by judge,cbsnews.com
https://www.courthousenews.com/delaware-judge-reaffirms-ruling-that-invalidated-massive-tesla-pay-package-for-elon-musk/,20241203T043000Z,Delaware judge reaffirms ruling that invalidated massive Tesla pay package for Elon Musk,courthousenews.com
https://lasvegassun.com/news/2024/dec/02/delaware-judge-reaffirms-ruling-that-invalidated-m/,20241203T040000Z,Delaware judge reaffirms ruling that invalidated massive Tesla pay package for Elon Musk - Las Vegas Sun News,lasvegassun.com
https://katv.com/news/nation-world/delaware-judge-reaffirms-ruling-that-invalidated-massive-tesla-pay-package-for-elon-musk-stock-price-corporate-director-doge-shareholder-attorney-excessive-compensation,20241203T021500Z,Delaware judge reaffirms ruling for Tesla to revoke Musk multibillion - dollar pay package,katv.com
https://www.wcyb.com/news/nation-world/delaware-judge-reaffirms-ruling-that-invalidated-massive-tesla-pay-package-for-elon-musk-stock-price-corporate-director-doge-shareholder-attorney-excessive-compensation,20241203T030000Z,Delaware judge reaffirms ruling for Tesla to revoke Musk multibillion - dollar pay package,wcyb.com
https://www.wsls.com/business/2024/12/02/delaware-judge-reaffirms-ruling-that-invalidated-massive-tesla-pay-package-for-elon-musk/,20241203T021500Z,Delaware judge reaffirms ruling that invalidated massive Tesla pay package for Elon Musk,wsls.com
https://turnto10.com/news/nation-world/delaware-judge-reaffirms-ruling-that-invalidated-massive-tesla-pay-package-for-elon-musk-stock-price-corporate-director-doge-shareholder-attorney-excessive-compensation,20241203T024500Z,Delaware judge reaffirms ruling for Tesla to revoke Musk multibillion - dollar pay package,turnto10.com
https://wsbt.com/news/nation-world/delaware-judge-reaffirms-ruling-that-invalidated-massive-tesla-pay-package-for-elon-musk-stock-price-corporate-director-doge-shareholder-attorney-excessive-compensation,20241203T031500Z,Delaware judge reaffirms ruling for Tesla to revoke Musk multibillion - dollar pay package,wsbt.com
https://kfdm.com/news/nation-world/delaware-judge-reaffirms-ruling-that-invalidated-massive-tesla-pay-package-for-elon-musk-stock-price-corporate-director-doge-shareholder-attorney-excessive-compensation,20241203T044500Z,Delaware judge reaffirms ruling for Tesla to revoke Musk multibillion - dollar pay package,kfdm.com
https://finance.sina.com.cn/stock/relnews/us/2024-12-04/doc-incyhiqv4054169.shtml,20241204T041500Z,消息称国产特斯拉11月份的交付量同比有下滑 但环比增加,finance.sina.com.cn
https://www.investing.com/news/stock-market-news/us-stock-futures-steady-with-fed-rate-cues-in-focus-3750211,20241203T034500Z,"US stock futures steady with Fed , rate cues in focus By Investing . com",investing.com
https://www.kten.com/news/texas-headlines/a-judge-has-once-again-rejected-musks-multi-billion-dollar-tesla-pay-package-now-what/article_81967ced-9c0c-5639-9db1-9990b3aa49da.html,20241204T000000Z,A judge has once again rejected Musk multi - billion - dollar Tesla pay package . Now what ? ,kten.com
https://tribtown.com/2024/12/03/a-judge-has-once-again-rejected-musks-multi-billion-dollar-tesla-pay-package-now-what/,20241204T000000Z,A judge has once again rejected Musk multi - billion - dollar Tesla pay package . Now what ? ,tribtown.com
https://www.broomfieldenterprise.com/2024/12/03/elon-musk-tesla-pay-package/,20241204T010000Z,Judge again rejects Musk Tesla pay package . Now what ? ,broomfieldenterprise.com
https://www.therepublic.com/2024/12/03/a-judge-has-once-again-rejected-musks-multi-billion-dollar-tesla-pay-package-now-what/,20241204T001500Z,A judge has once again rejected Musk multi - billion - dollar Tesla pay package . Now what ? ,therepublic.com
https://dailyjournal.net/2024/12/03/a-judge-has-once-again-rejected-musks-multi-billion-dollar-tesla-pay-package-now-what/,20241204T001500Z,A judge has once again rejected Musk multi - billion - dollar Tesla pay package . Now what ? ,dailyjournal.net
https://www.advocate-news.com/2024/12/03/elon-musk-tesla-pay-package/,20241203T230000Z,Judge again rejects Musk Tesla pay package . Now what ? ,advocate-news.com
https://www.record-eagle.com/ap/business/a-judge-has-once-again-rejected-musks-multi-billion-dollar-tesla-pay-package-now-what/article_869fbd8f-f4e0-5225-9dbd-ca85e9491f9a.html,20241203T224500Z,A judge has once again rejected Musk multi - billion - dollar Tesla pay package . Now what ? ,record-eagle.com
https://www.bozemandailychronicle.com/ap_news/business/a-judge-has-once-again-rejected-musks-multi-billion-dollar-tesla-pay-package-now-what/article_237d1dc2-8faa-5d5b-8b06-01e62c71c4f5.html,20241203T223000Z,A judge has once again rejected Musk multi - billion - dollar Tesla pay package . Now what ? ,bozemandailychronicle.com
https://www.republicanherald.com/2024/12/03/elon-musk-tesla-pay-package/,20241203T223000Z,Judge again rejects Musk Tesla pay package . Now what ? ,republicanherald.com
https://www.miningjournal.net/news/2024/12/judge-again-rejects-musks-multi-billion-dollar-tesla-pay-package/,20241204T101500Z,"Judge again rejects Musk multi - billion - dollar Tesla pay package | News , Sports , Jobs",miningjournal.net
https://www.mbtmag.com/operations/news/22927862/whats-next-for-musk-following-the-rejected-multibilliondollar-tesla-pay-package,20241204T193000Z,What Next for Musk Following the Rejected Multi - Billion - Dollar Tesla Pay Package,mbtmag.com
https://www.idahostatejournal.com/news/national/delaware-judge-reaffirms-ruling-that-invalidated-massive-tesla-pay-package-for-elon-musk/article_fc438940-1ed9-543f-aca3-2bf29f693ceb.html,20241203T021500Z,Delaware judge reaffirms ruling that invalidated massive Tesla pay package for Elon Musk,idahostatejournal.com
https://www.straitstimes.com/business/musk-record-tesla-pay-plan-rejected-again-by-us-judge,20241203T010000Z,Musk record Tesla pay plan rejected again by US judge,straitstimes.com
https://newschannel20.com/news/nation-world/delaware-judge-reaffirms-ruling-that-invalidated-massive-tesla-pay-package-for-elon-musk-stock-price-corporate-director-doge-shareholder-attorney-excessive-compensation,20241203T070000Z,Delaware judge reaffirms ruling for Tesla to revoke Musk multibillion - dollar pay package,newschannel20.com
https://finance.sina.com.cn/stock/relnews/us/2024-12-02/doc-incxzkuw5760352.shtml,20241202T004500Z,钛媒体科股早知道 ： 特斯拉机器人  里程碑 ， 灵巧手为人形机器人与外界交互的重要媒介 _ 新浪财经 _ 新浪网,finance.sina.com.cn
https://www.newspim.com/news/view/20241203000971,20241203T141500Z,테슬라 11월 중국 판매량 두달째 감소 ... BYD는 월간 신기록 달성,newspim.com
https://upnorthlive.com/news/nation-world/delaware-judge-reaffirms-ruling-that-invalidated-massive-tesla-pay-package-for-elon-musk-stock-price-corporate-director-doge-shareholder-attorney-excessive-compensation,20241203T061500Z,Delaware judge reaffirms ruling for Tesla to revoke Musk multibillion - dollar pay package,upnorthlive.com
https://news.zol.com.cn/924/9243044.html,20241203T121500Z,特斯拉11月销量创历史新高 5年零息政策助其大卖,news.zol.com.cn
https://fox17.com/news/nation-world/delaware-judge-reaffirms-ruling-that-invalidated-massive-tesla-pay-package-for-elon-musk-stock-price-corporate-director-doge-shareholder-attorney-excessive-compensation,20241203T044500Z,Delaware judge reaffirms ruling for Tesla to revoke Musk multibillion - dollar pay package,fox17.com
https://www.kuow.org:443/stories/elon-musk-s-more-than-50-billion-pay-deal-at-tesla-was-rejected-again-here-is-why,20241204T041500Z,KUOW - Elon Musk more than $50 billion pay deal at Tesla was rejected again . Here is why,kuow.org
https://kval.com/news/nation-world/delaware-judge-reaffirms-ruling-that-invalidated-massive-tesla-pay-package-for-elon-musk-stock-price-corporate-director-doge-shareholder-attorney-excessive-compensation,20241203T034500Z,Delaware judge reaffirms ruling for Tesla to revoke Musk multibillion - dollar pay package,kval.com
https://www.wdsu.com/article/musk-tesla-pay-package-revoked-judge-reaffirms/63074052,20241203T001500Z,A Delaware judge has reaffirmed her ruling that Tesla must revoke Elon Musk multibillion - dollar pay package,wdsu.com
